3dsound	3D sound examples
ConnectionClient	Connect two VRED instances (client script)
ConnectionServer	Connect two VRED instances (server script)
SimpleConstraints	Simple constraints demo
Toy-Excavator-Constraints	Toy Excavator Constraints demo
VR-hands-touchsensor-2	Trigger touch sensors with the hands 2
VR-hands-touchsensor	Trigger touch sensors with the hands 1
VR-hands-webengine	Interact with webengines (calculator demo)
addChildren	Add child nodes
ambientOcclusion	Simple ambient occlusion demo
analog_clock	Analog Clock example
annotations	Add and remove annotations
axisrotation	Axis rotation example
camera-fixed-object1	Camera fixed object 1
camera-fixed-object2	Camera fixed object 2
clipPlane	Creating a local clipping plane
collision1	Collision Example 1
collision2	Collision Example 2
collision3	Collision Example 3
collision4	Collision Example 4
create-cameras	Create cameras
create-texture	Create texture and add it to a material
cubes	Create cube demo
dock-window	Manipulate docking state of render window
fade	vrFade demo
find	Find nodes and materials
find2	Find nodes with caching
findGeos	Find geometry nodes
frame	vrFrame demo
fullscreen	Switch render window to fullscreen
import	Import own Python extensions
import_export	Load and export files
interpolate	Interpolation demo
joystick-nav	Move camera with joystick
joystick	vrJoystick demo
key-action	Key events in the event loop
keys	Key input example
lightmap	Loading and repathing lightmaps
lineGeometry-texCoords	Create texture coordinates for line geometries
loop	Insert code in the event loop
material-switch	Switch materials on keypress
material	Change existing material
materialgroups	Material groups
measurement	Measurement examples
menu-webengine	Webengine menu demo
menu	Menu with buttons and checkboxes example 1
menu3d_scene	Menu mapped on a cube
menu3d_scene_webgl	Menu mapped on a cube showing WebGL
menu3d_webgl	Menu with a WebGL demo
menu_2D	Menu with buttons and checkboxes example 2
menu_web	Menu showing the VRED web interface
menu_webgl	Menu with a WebGL demo
metadata	Metadata example
move	Move object with keys
movie	Movie player demo
node	Attach callback to the event loop
physics	Physics basic collision example
physics2	Physics collision example with contact information
pysideExampleDialog	Open a dialog window with PySide
render	Render every frame
signal-slot	Render every frame
snapshots	Create multiple snapshots
speech	vrSpeech demo
speed	vrTimer demo
steering-wheel	Steering Wheel Constraint Example
switch	vrSwitch example
threading	Multithreading example
touchsensors	Creating and deleting touch sensors
turntable	turntable demo
vertices	vertex animation
videograb	video grabbing example
virtualeye	virtual eye example
wave	Sinus wave with cubes
webengine-customevents	Custom Javascript events in Webengines
deprecated_addChildren	(Deprecated) Add child nodes
deprecated_clipPlane	(Deprecated) Creating a local clipping plane
deprecated_VR_examples_OculusTouchExample	(Deprecated) Oculus touch example
deprecated_VR_examples_OpenVRExample	(Deprecated) OpenVR example
deprecated_VR_examples_OpenVRTracker	(Deprecated) OpenVR Tracker
deprecated_VR_examples_VR-hands-color	(Deprecated) Change hand color
deprecated_VR_examples_VR-hands-pointing	(Deprecated) Touch objects in pointing pose
deprecated_VR_examples_VR-hands-vibrate	(Deprecated) Use vibration on touch
deprecated_VR_examples_VR-hands-webengine-buttonVibration-openvr	(Deprecated) Interact with webengines (calculator demo with haptic feedback)
plugins_QtQuickStreaming	Manage Qt Quick applications for WebGL Streaming
plugins_ScatterTool	Example UI for implementing a scatter tool
plugins_vrDragAndDropExample	Example UI for accepting and decoding MIME data drops
plugins_vrSubstanceExample	Example UI for listing Substance materials
sceneplates_color	Color
sceneplates_create	Create
sceneplates_createAsset	Create Asset
sceneplates_fade	Fade
sceneplates_menu-sceneplate	Sceneplate with HTML menu
sceneplates_remove	Remove
sceneplates_repeat	Repeat
sceneplates_rotate	Rotate
sceneplates_simple	Simple
sceneplates_switch	Switch
snippets_accessAttachements	accessAttachments
snippets_accessCameraBlendTexture	accessCameraBlendTexture
snippets_accessXRiteMaterial	accessXRiteMaterial
snippets_collectVisibleGeometries	collectVisibleGeometries
snippets_convertAllMaterialGroups	convertAllMaterialGroups
snippets_convertRoughness	convertRoughness
snippets_createMaterial	createMaterial
snippets_ctypestest	ctypestest
snippets_disableVertexCacheAnimation	disableVertexCacheAnimation
snippets_openvr_controller_setup	(Deprecated) openvr_controller_setup
snippets_openvr_tracker_setup	(Deprecated) openvr_tracker_setup
snippets_selectLightVisibilityReference	selectLightVisibilityReference
snippets_setRenderer	setRenderer
snippets_substanceMaterialTools	substanceMaterialTools
snippets_tagEditing	tagEditing
snippets_textureAnimation	textureAnimation
snippets_toggleNavigationMode	toggleNavigationMode
snippets_vr_terminal	Menu with Show Terminal button
snippets_deprecated_convertAllMaterialGroups	(Deprecated) convertAllMaterialGroups
snippets_deprecated_countVisibleNodes	(Deprecated) countVisibleNodes
snippets_deprecated_tagEditing	(Deprecated) tagEditing
snippets_toolbar_toolbar1	A toolbar icon with a single action
snippets_toolbar_toolbar2	A toolbar icon with a multiple actions in a submenu
vr_attachToController	Add a child node to the node of a VR Controller
vr_attachToTracker	Add a child node to the node of a VR Tracker
vr_collabSyncExample	Synchronization during a collaboration session
vr_colorChooser	Interactive color manipulation in VR
vr_combineCustomAndDefaultInteraction	Combine a custom and a default device interaction
vr_connectToDeviceActionSignal	Connect to signals of device actions
vr_controllerCollision	Connecting to a signal that is executed, when the controller collides with a node
vr_controllerVibration	Triggering the vibration functionality of a controller
vr_customInteraction	Implementation of a custom device interaction
vr_customMenuButton	Adding buttons to the VR menu
vr_enableRay	Enable a pointing ray from a VR controller
vr_getVRDeviceBySerialNumber	Get a VR device by its serial number
vr_groupTeleport	Extend the default teleport to multi user teleport
vr_handleVRCollabUsers	Reacting on joining and leaving users
vr_objectMove	Moving objects in VR
vr_printActions	Print device actions of a device interaction
vr_printAllDeviceSerialNumbers	Print the serial number of all connected devices
vr_printInteractions	Print out all available device interactions
vr_printSerialNumber	Print the serial number of a device
vr_printTouchpadPosition	Print the current finger position on the touchpad
vr_scaleGeometry	Scale geometry in VR by using controllers
vr_setTeleportToVirtualButton	Set the default teleport to a virtual button.
vr_showUserInfo	Query camera and tracking information
vr_showVRCollabUserPositions	Visualize user positions
vr_switchControllerVisuals	Switch the visualization mode of a VR device
vr_virtualControllerButtons	Define and use virtual buttons on the touchpad of a VR controller
vr_virtualHands	Virtual VR controllers
vr_plugins_VRFlashlightModule	Showing a flash light in VR
vr_plugins_VRGatherUsersModule	Gather all users in a collaboration session
vr_plugins_VRHideAvatarsModule	Hide Avatars in a collaboration session
vr_plugins_VRMeasureModule	Measure distances in VR
vr_plugins_VRMenuSetupModule	Allowing to configure the VR menu
