Color3f	vrOSGTypes
Color4f	vrOSGTypes
DataType	vrUserMimeTypes
Pnt2f	vrOSGTypes
Pnt3f	vrOSGTypes
Pnt4f	vrOSGTypes
StateChunkPtr	vrChunkPtr
TransparencyMode	vrdChunkMaterial
Vec2f	vrOSGTypes
Vec3f	vrOSGTypes
Vec4f	vrOSGTypes
vrAEBase	vrAEBase
vrAmbientOcclusion	vrAmbientOcclusion
vrAnimation	vrAnimation
vrAnimWidgets	vrAnimWidgets
vrAnnotation	vrAnnotation
vrAnnotationPtr	vrAnnotationPtr
vrAnnotationService	vrAnnotationService
vrAnnotationTypes	vrAnnotationTypes
vrAnnotationTypes.ScalingMode	vrAnnotationTypes
vrAssetsModule	vrAssetsModule
vrAssetsService	vrAssetsService
vrBakeService	vrBakeService
vrBakeTypes	vrBakeTypes
vrBakeTypes.AmbientOcclusionWeight	vrBakeTypes
vrBakeTypes.BakeState	vrBakeTypes
vrBakeTypes.BakeType	vrBakeTypes
vrBakeTypes.DenoiserType	vrBakeTypes
vrBakeTypes.DirectIlluminationMode	vrBakeTypes
vrBakeTypes.IlluminationQuality	vrBakeTypes
vrBakeTypes.Renderer	vrBakeTypes
vrBakeTypes.SubdivisionQuality	vrBakeTypes
vrBakeTypes.UVGeneration	vrBakeTypes
vrCADFileTypes	vrCADFileTypes
vrCADFileTypes.FileType	vrCADFileTypes
vrCADFileTypes.JobState	vrCADFileTypes
vrCamera	vrCamera
vrCameraFromAtUp	vrCameraFromAtUp
vrCameraService	vrCameraService
vrCameraTypes	vrCameraTypes
vrCameraTypes.BlendMode	vrCameraTypes
vrCameraTypes.BlendModeType	vrCameraTypes
vrCameraTypes.CameraAxis	vrCameraTypes
vrCameraTypes.CameraCandelaMapping	vrCameraTypes
vrCameraTypes.CameraColorspace	vrCameraTypes
vrCameraTypes.CameraConstraint	vrCameraTypes
vrCameraTypes.CameraEye	vrCameraTypes
vrCameraTypes.CameraProjectionMode	vrCameraTypes
vrCameraTypes.CameraResponseCurveMode	vrCameraTypes
vrCameraTypes.CameraSensorResponse	vrCameraTypes
vrCameraTypes.CameraSensorResponseCurveMapping	vrCameraTypes
vrCameraTypes.CameraSpace	vrCameraTypes
vrCameraTypes.CameraStereoLayout	vrCameraTypes
vrCameraTypes.CameraTonemapper	vrCameraTypes
vrCameraTypes.CameraTrackType	vrCameraTypes
vrCameraTypes.CollisionStructureBuildMethod	vrCameraTypes
vrCameraTypes.DepthOfFieldMode	vrCameraTypes
vrCameraTypes.DistortionEdgeMode	vrCameraTypes
vrCameraTypes.DistortionType	vrCameraTypes
vrCameraTypes.FogFalloffMode	vrCameraTypes
vrCameraTypes.FovMode	vrCameraTypes
vrCameraTypes.GradingLogSpace	vrCameraTypes
vrCameraTypes.InteractiveDofQuality	vrCameraTypes
vrCameraTypes.PasteOption	vrCameraTypes
vrCameraTypes.TurntableDirection	vrCameraTypes
vrCameraTypes.VanishingLinesType	vrCameraTypes
vrCameraTypes.ViewpointCreationMode	vrCameraTypes
vrChunkPtr	vrChunkPtr
vrClippingModule	vrClippingModule
vrCluster	vrCluster
vrClusterManagerService	vrClusterManagerService
vrClusterService	vrClusterService
vrClusterTypes	vrClusterTypes
vrClusterTypes.JobType	vrClusterTypes
vrCollaborationTypes	vrCollaborationTypes
vrCollaborationTypes.AvatarType	vrCollaborationTypes
vrCollision	vrCollision
vrColorDialog	vrColorDialog
vrConnector	vrConnector
vrConstraints	vrConstraints
vrConstraintService	vrConstraintService
vrConstraintTypes	vrConstraintTypes
vrConstraintTypes.AimMode	vrConstraintTypes
vrConstraintTypes.UpMode	vrConstraintTypes
vrController	vrController
vrCubeImages	vrCubeImages
vrdAimConstraintNode	vrdAimConstraintNode
vrdAimConstraintObject	vrdAimConstraintObject
vrdAnalyticSettings	vrdAnalyticSettings
vrdAnnotationNode	vrdAnnotationNode
vrdAreaLightCone	vrdAreaLightCone
vrdAreaLightNode	vrdAreaLightNode
vrdAreaLightNode.QualityMode	vrdAreaLightNode
vrdAtfSettings	vrdAtfSettings
vrdAtfSettings.DataTranslator	vrdAtfSettings
vrdAtfSettings.FaceterVersion	vrdAtfSettings
vrdAtfSettings.GridMode	vrdAtfSettings
vrdAtfSettings.ImporterVersion	vrdAtfSettings
vrdAtfSettings.ModelState	vrdAtfSettings
vrdAtfSettings.SmartReferenceBehavior	vrdAtfSettings
vrdAtfSettings.SourceReferenceBehavior	vrdAtfSettings
vrdBaseLightNode	vrdBaseLightNode
vrdBaseLightProfile	vrdBaseLightProfile
vrdBillboardNode	vrdBillboardNode
vrdBlendChunk	vrdBlendChunk
vrdBlendChunk.DstFactor	vrdBlendChunk
vrdBlendChunk.Equation	vrdBlendChunk
vrdBlendChunk.SrcFactor	vrdBlendChunk
vrdBoundingBox	vrdBoundingBox
vrdBRDFCommonSettings	vrdBRDFCommonSettings
vrdBRDFCommonSettings.LightingMode	vrdBRDFCommonSettings
vrdBRDFCommonSettings.ProjectionSpace	vrdBRDFCommonSettings
vrdBRDFCommonSettings.VrsQuality	vrdBRDFCommonSettings
vrdBRDFMaterial	vrdBRDFMaterial
vrdBrushedMetalMaterial	vrdBrushedMetalMaterial
vrdBrushedMetalMaterial.MetalType	vrdBrushedMetalMaterial
vrdBrushOrientation	vrdBrushOrientation
vrdBrushOrientation.BrushAxis	vrdBrushOrientation
vrdBsdfMeasurement	vrdBsdfMeasurement
vrdBumpTexture	vrdBumpTexture
vrdBumpTexture.BumpType	vrdBumpTexture
vrdButtonState	vrdButtonState
vrdCameraBaseNode	vrdCameraBaseNode
vrdCameraCollider	vrdCameraCollider
vrdCameraNode	vrdCameraNode
vrdCameraTrackNode	vrdCameraTrackNode
vrdCarbon2DMaterial	vrdCarbon2DMaterial
vrdCarbonMaterial	vrdCarbonMaterial
vrdCarbonPattern	vrdCarbonPattern
vrdCarbonPattern.Type	vrdCarbonPattern
vrdCarbonPattern2D	vrdCarbonPattern2D
vrdCarbonPattern3D	vrdCarbonPattern3D
vrdChromeMaterial	vrdChromeMaterial
vrdChromeMaterial.MetalType	vrdChromeMaterial
vrdChunkMaterial	vrdChunkMaterial
vrdChunkMaterial.TransparencyMode	vrdChunkMaterial
vrdClearcoat	vrdClearcoat
vrdClearcoat.Type	vrdClearcoat
vrdClippingOptions	vrdClippingOptions
vrdClipPlaneNode	vrdClipPlaneNode
vrdColorCorrection	vrdColorCorrection
vrdConstrainedObject	vrdConstrainedObject
vrdConstraintGroupNode	vrdConstraintGroupNode
vrdConstraintNode	vrdConstraintNode
vrdConstraintObject	vrdConstraintObject
vrdConstraintTargetObject	vrdConstraintTargetObject
vrdCubeTextureChunk	vrdCubeTextureChunk
vrdDecoreSettings	vrdDecoreSettings
vrdDeltaLightNode	vrdDeltaLightNode
vrdDepthTestChunk	vrdDepthTestChunk
vrdDepthTestChunk.DepthFunc	vrdDepthTestChunk
vrdDeviceAction	vrdDeviceAction
vrdDeviceActionSignal	vrdDeviceActionSignal
vrdDeviceInteraction	vrdDeviceInteraction
vrdDeviceMessageData	vrdDeviceMessageData
vrdDirectionalLightNode	vrdDirectionalLightNode
vrdDiskLightNode	vrdDiskLightNode
vrdDisplacement	vrdDisplacement
vrdDisplacement.SilhouetteMode	vrdDisplacement
vrdDisplacementTexture	vrdDisplacementTexture
vrdDisplacementTexture.DisplacementSilhouetteMode	vrdDisplacementTexture
vrdDistanceLODNode	vrdDistanceLODNode
vrDecoreService	vrDecoreService
vrdEnvironmentColorCorrection	vrdEnvironmentColorCorrection
vrdEnvironmentMaterial	vrdEnvironmentMaterial
vrdEnvironmentMaterial.GeometryType	vrdEnvironmentMaterial
vrdEnvironmentNode	vrdEnvironmentNode
vrdEnvironmentRaytracingSettings	vrdEnvironmentRaytracingSettings
vrdEnvironmentRaytracingSettings.Shadowing	vrdEnvironmentRaytracingSettings
vrdEnvironmentShadowsAndIllumination	vrdEnvironmentShadowsAndIllumination
vrdEnvironmentSwitchMaterial	vrdEnvironmentSwitchMaterial
vrdEnvironmentTransformation	vrdEnvironmentTransformation
vrDeviceInputTypes	vrDeviceInputTypes
vrDeviceInputTypes.InputActionType	vrDeviceInputTypes
vrDeviceInputTypes.InputDeviceType	vrDeviceInputTypes
vrDeviceInputTypes.InputSide	vrDeviceInputTypes
vrDeviceInputTypes.VRControllerTypes	vrDeviceInputTypes
vrDeviceService	vrDeviceService
vrdEyeGaze	vrdEyeGaze
vrdFileExportSettings	vrdFileExportSettings
vrdFileExportSettings.SurfaceExportMode	vrdFileExportSettings
vrdFindOptions	vrdFindOptions
vrdFlakeLayer	vrdFlakeLayer
vrdFlipflopCarpaintMaterial	vrdFlipflopCarpaintMaterial
vrdFlipflopFlakeLayer	vrdFlipflopFlakeLayer
vrdFoveatedQuality	vrdFoveatedQuality
vrdGaussianSplatMaterial	vrdGaussianSplatMaterial
vrdGeometryNode	vrdGeometryNode
vrdGlassMaterial	vrdGlassMaterial
vrdGlassMaterial.DispersionInputType	vrdGlassMaterial
vrdGlassMaterial.FresnelQuality	vrdGlassMaterial
vrdGlassMaterial.MediumType	vrdGlassMaterial
vrdGLSLShaderChunk	vrdGLSLShaderChunk
vrdGLSLShaderParameter	vrdGLSLShaderParameter
vrdGLSLShaderParameterInt	vrdGLSLShaderParameterInt
vrdGLSLShaderParameterList	vrdGLSLShaderParameterList
vrdGLSLShaderParameterList.ParameterType	vrdGLSLShaderParameterList
vrdGLSLShaderParameterMatrix	vrdGLSLShaderParameterMatrix
vrdGLSLShaderParameterReal	vrdGLSLShaderParameterReal
vrdGLSLShaderParameterVec2f	vrdGLSLShaderParameterVec2f
vrdGLSLShaderParameterVec3f	vrdGLSLShaderParameterVec3f
vrdGLSLShaderParameterVec4f	vrdGLSLShaderParameterVec4f
vrdGpuInfo	vrdGpuInfo
vrdGpuStateInfo	vrdGpuStateInfo
vrdGradingLut	vrdGradingLut
vrdGradingPrimary	vrdGradingPrimary
vrdGradingRGBMCurve	vrdGradingRGBMCurve
vrdGradingTone	vrdGradingTone
vrdHDRLightStudio	vrdHDRLightStudio
vrdHDRLightStudio.LightPaintMode	vrdHDRLightStudio
vrdHostSwitchNode	vrdHostSwitchNode
vrdIlluminationBakeSettings	vrdIlluminationBakeSettings
vrdImage	vrdImage
vrdImmersiveMenu	vrdImmersiveMenu
vrdImmersiveMenu.MenuConstraint	vrdImmersiveMenu
vrdImmersiveMenu.MenuOrigin	vrdImmersiveMenu
vrdImmersiveTool	vrdImmersiveTool
vrdImmersiveToolSignal	vrdImmersiveToolSignal
vrdIncandescence	vrdIncandescence
vrdLayeredMaterial	vrdLayeredMaterial
vrdLensFlareEffect	vrdLensFlareEffect
vrdLensFlareElement	vrdLensFlareElement
vrdLensFlareFxElement	vrdLensFlareFxElement
vrdLensFlareGhost	vrdLensFlareGhost
vrdLensFlareGhostLine	vrdLensFlareGhostLine
vrdLensFlareGlow	vrdLensFlareGlow
vrdLensFlareRing	vrdLensFlareRing
vrdLensFlareStar	vrdLensFlareStar
vrdLensFlareStreak	vrdLensFlareStreak
vrdLightLinkSetNode	vrdLightLinkSetNode
vrdLightmap	vrdLightmap
vrdLightPortalMaterial	vrdLightPortalMaterial
vrdLightProfile	vrdLightProfile
vrdLightTexture	vrdLightTexture
vrdLightTransform	vrdLightTransform
vrdLinearGradient	vrdLinearGradient
vrdLinearGradientStop	vrdLinearGradientStop
vrdLineChromeMaterial	vrdLineChromeMaterial
vrdLineChunk	vrdLineChunk
vrdLiveReferenceNode	vrdLiveReferenceNode
vrdMarker	vrdMarker
vrdMaterial	vrdMaterial
vrdMaterialChunk	vrdMaterialChunk
vrdMaterialChunkList	vrdMaterialChunkList
vrdMaterialChunkList.ChunkType	vrdMaterialChunkList
vrdMaterialList	vrdMaterialList
vrdMaterialNode	vrdMaterialNode
vrdMaterialPoolNode	vrdMaterialPoolNode
vrdMaterialRaytracingSettings	vrdMaterialRaytracingSettings
vrdMaterialRaytracingSettings.IlluminationMode	vrdMaterialRaytracingSettings
vrdMaterialXMaterial	vrdMaterialXMaterial
vrdMaterialXMaterial.CompilationType	vrdMaterialXMaterial
vrdMaterialXProperties	vrdMaterialXProperties
vrdMatrixTransformNode	vrdMatrixTransformNode
vrdMDLMaterial	vrdMDLMaterial
vrdMDLMaterial.CompilationType	vrdMDLMaterial
vrdMDLProperties	vrdMDLProperties
vrdMeasuredCarpaintMaterial	vrdMeasuredCarpaintMaterial
vrdMeasuredMaterial	vrdMeasuredMaterial
vrdMetadata	vrdMetadata
vrdMetadataEntry	vrdMetadataEntry
vrdMetadataEntryList	vrdMetadataEntryList
vrdMetadataSet	vrdMetadataSet
vrdMetallicCarpaintMaterial	vrdMetallicCarpaintMaterial
vrdMetallicCarpaintMaterial.PaintType	vrdMetallicCarpaintMaterial
vrdMultiMarker	vrdMultiMarker
vrdMultiMaterial	vrdMultiMaterial
vrdMultiPassMaterial	vrdMultiPassMaterial
vrdNode	vrdNode
vrdNodeInfo	vrdNodeInfo
vrdNodeList	vrdNodeList
vrdNPRSettings	vrdNPRSettings
vrdObject	vrdObject
vrdObjectList	vrdObjectList
vrdObjectSignal	vrdObjectSignal
vrdOCSMaterial	vrdOCSMaterial
vrdOpenGLInfo	vrdOpenGLInfo
vrdOpenVDBMaterial	vrdOpenVDBMaterial
vrdOrientationConstraintNode	vrdOrientationConstraintNode
vrdOrientationConstraintObject	vrdOrientationConstraintObject
vrdParentConstraintNode	vrdParentConstraintNode
vrdParentConstraintObject	vrdParentConstraintObject
vrdPerspectiveMatch	vrdPerspectiveMatch
vrdPhongMaterial	vrdPhongMaterial
vrdPhysicsBoxColliderSettings	vrdPhysicsBoxColliderSettings
vrdPhysicsBoxConfig	vrdPhysicsBoxConfig
vrdPhysicsCapsuleColliderSettings	vrdPhysicsCapsuleColliderSettings
vrdPhysicsCapsuleConfig	vrdPhysicsCapsuleConfig
vrdPhysicsColliderSettings	vrdPhysicsColliderSettings
vrdPhysicsConfig	vrdPhysicsConfig
vrdPhysicsConvexConfig	vrdPhysicsConvexConfig
vrdPhysicsConvexDecompositionColliderSettings	vrdPhysicsConvexDecompositionColliderSettings
vrdPhysicsGroupNode	vrdPhysicsGroupNode
vrdPhysicsHullColliderSettings	vrdPhysicsHullColliderSettings
vrdPhysicsHullConfig	vrdPhysicsHullConfig
vrdPhysicsInfo	vrdPhysicsInfo
vrdPhysicsMaterial	vrdPhysicsMaterial
vrdPhysicsObjectNode	vrdPhysicsObjectNode
vrdPhysicsPlaneColliderSettings	vrdPhysicsPlaneColliderSettings
vrdPhysicsPlaneConfig	vrdPhysicsPlaneConfig
vrdPhysicsRubberBand	vrdPhysicsRubberBand
vrdPhysicsScene	vrdPhysicsScene
vrdPhysicsSDFColliderSettings	vrdPhysicsSDFColliderSettings
vrdPhysicsSDFConfig	vrdPhysicsSDFConfig
vrdPhysicsSphereColliderSettings	vrdPhysicsSphereColliderSettings
vrdPhysicsSphereConfig	vrdPhysicsSphereConfig
vrdPhysicsTrianglesColliderSettings	vrdPhysicsTrianglesColliderSettings
vrdPhysicsTrianglesConfig	vrdPhysicsTrianglesConfig
vrdPlasticMaterial	vrdPlasticMaterial
vrdPointCloudNode	vrdPointCloudNode
vrdPointLightNode	vrdPointLightNode
vrdPolygonChunk	vrdPolygonChunk
vrdPolygonChunk.CullFace	vrdPolygonChunk
vrdPolygonChunk.FillMode	vrdPolygonChunk
vrdPolygonChunk.FrontFace	vrdPolygonChunk
vrdPositionConstraintNode	vrdPositionConstraintNode
vrdPositionConstraintObject	vrdPositionConstraintObject
vrdProjectMergeSettings	vrdProjectMergeSettings
vrdRayFile	vrdRayFile
vrdRayFileInfo	vrdRayFileInfo
vrdRayIntersection	vrdRayIntersection
vrdRayLightNode	vrdRayLightNode
vrdRaytracedAmbientOcclusionSettings	vrdRaytracedAmbientOcclusionSettings
vrdRaytracedDiffuseGISettings	vrdRaytracedDiffuseGISettings
vrdRaytracedEnvironmentShadowsSettings	vrdRaytracedEnvironmentShadowsSettings
vrdRaytracedReflectionsSettings	vrdRaytracedReflectionsSettings
vrdRaytracingInfo	vrdRaytracingInfo
vrdRectangularLightNode	vrdRectangularLightNode
vrdReferenceNode	vrdReferenceNode
vrdReflectivePlasticMaterial	vrdReflectivePlasticMaterial
vrdReflectivePlasticMaterial.FresnelQuality	vrdReflectivePlasticMaterial
vrdRenderAnimationInfo	vrdRenderAnimationInfo
vrdRenderAutomationVariantSetGroup	vrdRenderAutomationVariantSetGroup
vrdRenderPasses	vrdRenderPasses
vrdRenderSettings	vrdRenderSettings
vrdRenderStatistic	vrdRenderStatistic
vrdRoughnessTexture	vrdRoughnessTexture
vrdRoundedEdges	vrdRoundedEdges
vrdRoundedEdges.EdgeMode	vrdRoundedEdges
vrdRoundedEdges.EdgeType	vrdRoundedEdges
vrdSceneImportSettings	vrdSceneImportSettings
vrdSceneItemInfo	vrdSceneItemInfo
vrdSceneItemInfo.Flags	vrdSceneItemInfo
vrdSceneObject	vrdSceneObject
vrdSceneplateNode	vrdSceneplateNode
vrdScreenSpaceAmbientOcclusionSettings	vrdScreenSpaceAmbientOcclusionSettings
vrdScriptPluginInfo	vrdScriptPluginInfo
vrdSessionUser	vrdSessionUser
vrdShadowMap	vrdShadowMap
vrdShadowMaterial	vrdShadowMaterial
vrdShadowMaterial.OpacityMode	vrdShadowMaterial
vrdShadowMaterial.ReflectionMode	vrdShadowMaterial
vrdSheen	vrdSheen
vrdSkylightLocation	vrdSkylightLocation
vrdSkylightMaterial	vrdSkylightMaterial
vrdSkylightSkyAndSun	vrdSkylightSkyAndSun
vrdSkylightSkyAndSun.SkyModel	vrdSkylightSkyAndSun
vrdSoundNode	vrdSoundNode
vrdSoundNode.ReverbEffect	vrdSoundNode
vrdSoundNode.SpatializeSourceMode	vrdSoundNode
vrdSoundObstructorNode	vrdSoundObstructorNode
vrdSphereEnvironmentMaterial	vrdSphereEnvironmentMaterial
vrdSphericalLightNode	vrdSphericalLightNode
vrdSpotLightNode	vrdSpotLightNode
vrdStereoSwitchNode	vrdStereoSwitchNode
vrdSubstanceEnvironmentMaterial	vrdSubstanceEnvironmentMaterial
vrdSubstanceMaterial	vrdSubstanceMaterial
vrdSubstancePreset	vrdSubstancePreset
vrdSubstanceProperties	vrdSubstanceProperties
vrdSubsurfaceScattering	vrdSubsurfaceScattering
vrdSubsurfaceScattering.MediumType	vrdSubsurfaceScattering
vrdSubsurfaceScattering.Mode	vrdSubsurfaceScattering
vrdSurfaceNode	vrdSurfaceNode
vrdSVBRDFMaterial	vrdSVBRDFMaterial
vrdSwitchMaterial	vrdSwitchMaterial
vrdSwitchNode	vrdSwitchNode
vrdTessellationSettings	vrdTessellationSettings
vrdTexture	vrdTexture
vrdTextureBake	vrdTextureBake
vrdTextureBakeSettings	vrdTextureBakeSettings
vrdTextureChunk	vrdTextureChunk
vrdTextureChunk.InternalFormat	vrdTextureChunk
vrdTextureChunk.MagFilter	vrdTextureChunk
vrdTextureChunk.MinFilter	vrdTextureChunk
vrdTextureChunk.WrapMode	vrdTextureChunk
vrdTextureSettings	vrdTextureSettings
vrdThinFilm	vrdThinFilm
vrdTireMaterial	vrdTireMaterial
vrdTireTextureSettings	vrdTireTextureSettings
vrdTonemapper	vrdTonemapper
vrdTrackedHand	vrdTrackedHand
vrdTransformLimits	vrdTransformLimits
vrdTransformNode	vrdTransformNode
vrdTransformNodeVariant	vrdTransformNodeVariant
vrdTransparency	vrdTransparency
vrdTurntable	vrdTurntable
vrdUiEngine	vrdUiEngine
vrdUnicolorCarpaintMaterial	vrdUnicolorCarpaintMaterial
vrdUpVectorConstraintObject	vrdUpVectorConstraintObject
vrdUVBaseProjectionSettings	vrdUVBaseProjectionSettings
vrdUVCylindricalProjectionSettings	vrdUVCylindricalProjectionSettings
vrdUVLayoutSettings	vrdUVLayoutSettings
vrdUVOptimizeSettings	vrdUVOptimizeSettings
vrdUVPlanarProjectionSettings	vrdUVPlanarProjectionSettings
vrdUVSeamSettings	vrdUVSeamSettings
vrdUVTriplanarProjectionSettings	vrdUVTriplanarProjectionSettings
vrdUVUnfoldSettings	vrdUVUnfoldSettings
vrdVariant	vrdVariant
vrdVariantHotKey	vrdVariantHotKey
vrdVariantSetGroupNode	vrdVariantSetGroupNode
vrdVariantSetNode	vrdVariantSetNode
vrdVariantSetReferenceNode	vrdVariantSetReferenceNode
vrdVariantState	vrdVariantState
vrdVariantStates	vrdVariantStates
vrdVarjoRenderSettings	vrdVarjoRenderSettings
vrdVelvetMaterial	vrdVelvetMaterial
vrdVertexBake	vrdVertexBake
vrdVertexBakeSettings	vrdVertexBakeSettings
vrdViewpointNode	vrdViewpointNode
vrdVirtualTouchpadButton	vrdVirtualTouchpadButton
vrdVolumeMaterial	vrdVolumeMaterial
vrdVolumeNode	vrdVolumeNode
vrdVolumeScatterMaterial	vrdVolumeScatterMaterial
vrdVolumeScatterMaterial.NoiseMode	vrdVolumeScatterMaterial
vrdVRDevice	vrdVRDevice
vrdVRDeviceSignal	vrdVRDeviceSignal
vrdWebEngine	vrdWebEngine
vrdWebEngine.TextureSlotType	vrdWebEngine
vrdWovenClothMaterial	vrdWovenClothMaterial
vrdWovenClothMaterial.ClothPreset	vrdWovenClothMaterial
vrdWovenClothMaterial.WeaveType	vrdWovenClothMaterial
vrdWovenClothMaterial.YarnType	vrdWovenClothMaterial
vrdXRayMaterial	vrdXRayMaterial
vrdXRiteMeasuredMaterial	vrdXRiteMeasuredMaterial
vrFade	vrFade
vrFieldAccess	vrFieldAccess
vrFileDialog	vrFileDialog
vrFileIO	vrFileIO
vrFileIOService	vrFileIOService
vrFileTypes	vrFileTypes
vrFileTypes.FileExtensionFilterMode	vrFileTypes
vrFileTypes.TextureCompressionMode	vrFileTypes
vrFrame	vrFrame
vrGeometryEditor	vrGeometryEditor
vrGeometryService	vrGeometryService
vrGeometryTypes	vrGeometryTypes
vrGeometryTypes.DecoreMode	vrGeometryTypes
vrGeometryTypes.DecoreSubObjectMode	vrGeometryTypes
vrGeometryTypes.DecoreTransparentObjectMode	vrGeometryTypes
vrGeometryTypes.PrimitiveType	vrGeometryTypes
vrGeometryTypes.VisibilityMergeMode	vrGeometryTypes
vrGPUService	vrGPUService
vrGPUTypes	vrGPUTypes
vrGPUTypes.OpenGLFeature	vrGPUTypes
vrGPUTypes.OpenGLVendor	vrGPUTypes
vrGUIService	vrGUIService
vrGUIService.DialogType	vrGUIService
vrGUIService.ViewCubePosition	vrGUIService
vrGUIService.ViewCubeSize	vrGUIService
vrHandTypes	vrHandTypes
vrHandTypes.FingerType	vrHandTypes
vrHandTypes.HandRole	vrHandTypes
vrHandTypes.HandTrackingGesture	vrHandTypes
vrHandTypes.HandTrackingType	vrHandTypes
vrHMDService	vrHMDService
vrImagePtr	vrImagePtr
vrImageService	vrImageService
vrImageTypes	vrImageTypes
vrImageTypes.LoadOptionsBitmask	vrImageTypes
vrImageTypes.LoadType	vrImageTypes
vrImageTypes.ShareMode	vrImageTypes
vrImmersiveInteractionService	vrImmersiveInteractionService
vrImmersiveInteractionTypes	vrImmersiveInteractionTypes
vrImmersiveInteractionTypes.ControlMode	vrImmersiveInteractionTypes
vrImmersiveInteractionTypes.TeleportGroundMode	vrImmersiveInteractionTypes
vrImmersiveUiService	vrImmersiveUiService
vrInteraction	vrInteraction
vrInteractionModule	vrInteractionModule
vrInterpolator	vrInterpolator
vrJoystick	vrJoystick
vrKey	vrKey
vrLensFlareTypes	vrLensFlareTypes
vrLensFlareTypes.ElementShape	vrLensFlareTypes
vrLensFlareTypes.ElementType	vrLensFlareTypes
vrLensFlareTypes.PresetType	vrLensFlareTypes
vrLensFlareTypes.StarShape	vrLensFlareTypes
vrLightLinkSetPtr	vrLightLinkSetPtr
vrLightService	vrLightService
vrLightTypes	vrLightTypes
vrLightTypes.Attenuation	vrLightTypes
vrLightTypes.LightType	vrLightTypes
vrLightTypes.Unit	vrLightTypes
vrLightTypes.VolumeIlluminationMode	vrLightTypes
vrLiveReferenceService	vrLiveReferenceService
vrLiveReferenceTypes	vrLiveReferenceTypes
vrLiveReferenceTypes.SearchOption	vrLiveReferenceTypes
vrLogService	vrLogService
vrLogTypes	vrLogTypes
vrLogTypes.Level	vrLogTypes
vrLogTypes.LogType	vrLogTypes
vrMain	vrMain
vrMaterialEditor	vrMaterialEditor
vrMaterialEntry	vrMaterialEntry
vrMaterialEntryId	vrMaterialEntryId
vrMaterialEntryType	vrMaterialEntryType
vrMaterialPtr	vrMaterialPtr
vrMaterialService	vrMaterialService
vrMaterialTypes	vrMaterialTypes
vrMaterialTypes.MaterialType	vrMaterialTypes
vrMaterialTypes.MergeOptions	vrMaterialTypes
vrMathService	vrMathService
vrMeasurement	vrMeasurement
vrMenu	vrMenu
vrMessageService	vrMessageService
vrMetadataService	vrMetadataService
vrMetadataTypes	vrMetadataTypes
vrMetadataTypes.ChangeFlag	vrMetadataTypes
vrMetadataTypes.MatrixOrder	vrMetadataTypes
vrMetadataTypes.ObjectType	vrMetadataTypes
vrMetadataTypes.ValueType	vrMetadataTypes
vrMovieExport	vrMovieExport
vrMoviePlayer2	vrMoviePlayer2
vrNodePtr	vrNodePtr
vrNodeService	vrNodeService
vrNodeService.TraverseChoice	vrNodeService
vrNodeUtils	vrNodeUtils
vrObjectService	vrObjectService
vrOculusTouchController	vrOculusTouchController
vrOpenPDM	vrOpenPDM
vrOpenVR	vrOpenVR
vrOpenVRController	vrOpenVRController
vrOpenVRFrameTimings	vrOpenVRFrameTimings
vrOptimize	vrOptimize
vrOSGWidget	vrOSGWidget
vrPhysicsService	vrPhysicsService
vrPhysicsTypes	vrPhysicsTypes
vrPhysicsTypes.Axis	vrPhysicsTypes
vrPhysicsTypes.ColliderShape	vrPhysicsTypes
vrPhysicsTypes.ColliderType	vrPhysicsTypes
vrPhysicsTypes.ForceMode	vrPhysicsTypes
vrPhysicsTypes.LockFlags	vrPhysicsTypes
vrPhysicsTypes.ObjectType	vrPhysicsTypes
vrPhysicsTypes.SolverType	vrPhysicsTypes
vrPlatformService	vrPlatformService
vrPluginService	vrPluginService
vrProgressService	vrProgressService
vrQObject	vrQObject
vrQueryService	vrQueryService
vrReferenceService	vrReferenceService
vrReferenceTypes	vrReferenceTypes
vrReferenceTypes.ExportLocation	vrReferenceTypes
vrReferenceTypes.FileState	vrReferenceTypes
vrReferenceTypes.LoadMode	vrReferenceTypes
vrReferenceTypes.NotificationMode	vrReferenceTypes
vrReferenceTypes.State	vrReferenceTypes
vrReferenceTypes.Type	vrReferenceTypes
vrRenderLayerModule	vrRenderLayerModule
vrRenderQueue	vrRenderQueue
vrRenderSettings	vrRenderSettings
vrRenderSettingsService	vrRenderSettingsService
vrRenderSettingsTypes	vrRenderSettingsTypes
vrRenderSettingsTypes.AAthresholdQuality	vrRenderSettingsTypes
vrRenderSettingsTypes.AnimationFormat	vrRenderSettingsTypes
vrRenderSettingsTypes.AnimationType	vrRenderSettingsTypes
vrRenderSettingsTypes.ApplyPresetMode	vrRenderSettingsTypes
vrRenderSettingsTypes.BRDFMode	vrRenderSettingsTypes
vrRenderSettingsTypes.DenoiserInput	vrRenderSettingsTypes
vrRenderSettingsTypes.DenoiserMode	vrRenderSettingsTypes
vrRenderSettingsTypes.DenoiserType	vrRenderSettingsTypes
vrRenderSettingsTypes.DepthMode	vrRenderSettingsTypes
vrRenderSettingsTypes.ICCProfile	vrRenderSettingsTypes
vrRenderSettingsTypes.Illuminant	vrRenderSettingsTypes
vrRenderSettingsTypes.IlluminationMode	vrRenderSettingsTypes
vrRenderSettingsTypes.ImageSamplingMode	vrRenderSettingsTypes
vrRenderSettingsTypes.MetaDataFlags	vrRenderSettingsTypes
vrRenderSettingsTypes.PhotonMapRefreshMode	vrRenderSettingsTypes
vrRenderSettingsTypes.PhotonMode	vrRenderSettingsTypes
vrRenderSettingsTypes.PixelFilterType	vrRenderSettingsTypes
vrRenderSettingsTypes.RealtimeEnvironmentShadowsMode	vrRenderSettingsTypes
vrRenderSettingsTypes.RenderingColorSpace	vrRenderSettingsTypes
vrRenderSettingsTypes.TransparencyMode	vrRenderSettingsTypes
vrRenderSettingsTypes.VolumeEvaluationMode	vrRenderSettingsTypes
vrRenderTypes	vrRenderTypes
vrRenderTypes.FoveatedQualityPreset	vrRenderTypes
vrRenderTypes.ShadingQuality	vrRenderTypes
vrRotationAxisSlide	vrInterpolator
vrRotationSlide	vrInterpolator
vrRoughnessTextureTypes	vrRoughnessTextureTypes
vrRoughnessTextureTypes.ValueMapping	vrRoughnessTextureTypes
vrRoute	vrRoute
vrRuler	vrRuler
vrScaleSlide	vrInterpolator
vrScenegraph	vrScenegraph
vrScenegraphService	vrScenegraphService
vrScenegraphTypes	vrScenegraphTypes
vrScenegraphTypes.Action	vrScenegraphTypes
vrScenegraphTypes.ChangeFlag	vrScenegraphTypes
vrScenegraphTypes.DuplicateOption	vrScenegraphTypes
vrScenegraphTypes.MirrorMode	vrScenegraphTypes
vrScenegraphTypes.NodeType	vrScenegraphTypes
vrScenegraphTypes.UnshareOption	vrScenegraphTypes
vrScenegraphTypes.VolumeType	vrScenegraphTypes
vrSceneplateService	vrSceneplateService
vrSceneplateTypes	vrSceneplateTypes
vrSceneplateTypes.ContentType	vrSceneplateTypes
vrSceneplateTypes.NodeType	vrSceneplateTypes
vrSceneplateTypes.Position	vrSceneplateTypes
vrSceneplateTypes.RepeatMode	vrSceneplateTypes
vrSceneplateTypes.SizeType	vrSceneplateTypes
vrScript	vrScript
vrSelection	vrVrpnTracking
vrSequencer	vrSequencer
vrSessionService	vrSessionService
vrSHLChunkPtr	vrSHLChunkPtr
vrSlide	vrInterpolator
vrSpacemouseButton	vrSpacemouseButton
vrSpectrum	vrSpectrum
vrSpectrum.AnalyticFunction	vrSpectrum
vrSpectrum.SpectraDefines	vrSpectrum
vrSpeech	vrSpeech
vrStyleTypes	vrStyleTypes
vrStyleTypes.ColorTheme	vrStyleTypes
vrSubstanceTypes	vrSubstanceTypes
vrSubstanceTypes.PresetApplyMode	vrSubstanceTypes
vrSurfaceAnalysis	vrSurfaceAnalysis
vrSwitch	vrSwitch
vrTextureChunkPtr	vrTextureChunkPtr
vrTextureTypes	vrTextureTypes
vrTextureTypes.Axis	vrTextureTypes
vrTextureTypes.MappingType	vrTextureTypes
vrTextureTypes.RepeatMode	vrTextureTypes
vrTextureTypes.TriplanarBlendMode	vrTextureTypes
vrTimer	vrTimer
vrTouchSensor	vrTouchSensor
vrTrackerAnalog	vrVrpnTracking
vrTrackerBody	vrVrpnTracking
vrTrackerButton	vrVrpnTracking
vrTrackerDial	vrVrpnTracking
vrTrackerSensor	vrVrpnTracking
vrTransform	vrTransform
vrTransformHelper	vrTransformHelper
vrTransformTypes	vrTransformTypes
vrTransformTypes.Axis	vrTransformTypes
vrTransformTypes.EulerRotationOrder	vrTransformTypes
vrTransformTypes.VariantValueBitMask	vrTransformTypes
vrTranslationSlide	vrInterpolator
vrUndoService	vrUndoService
vrUserMimeTypes	vrUserMimeTypes
vrUserMimeTypes.DataType	vrUserMimeTypes
vrUVEditor	vrUVEditor
vrUVService	vrUVService
vrUVTypes	vrUVTypes
vrUVTypes.PostScaleMode	vrUVTypes
vrUVTypes.PreRotateMode	vrUVTypes
vrUVTypes.PreScaleMode	vrUVTypes
vrUVTypes.SeamMode	vrUVTypes
vrUVTypes.SnapshotMode	vrUVTypes
vrUVTypes.SnapshotStyle	vrUVTypes
vrUVTypes.TileAssignMode	vrUVTypes
vrUVTypes.UVProjectionMode	vrUVTypes
vrUVTypes.UVSet	vrUVTypes
vrVariants	vrVariants
vrVariantService	vrVariantService
vrVariantSetPtr	vrVariantSetPtr
vrVariantSets	vrVariantSets
vrVariantStates	vrVariantStates
vrVariantTypes	vrVariantTypes
vrVariantTypes.CaptureFlag	vrVariantTypes
vrVariantTypes.ClippingState	vrVariantTypes
vrVariantTypes.ExecuteFlag	vrVariantTypes
vrVariantTypes.GroupType	vrVariantTypes
vrVariantTypes.PreviewType	vrVariantTypes
vrVariantTypes.SearchMethod	vrVariantTypes
vrVariantTypes.StateValidity	vrVariantTypes
vrVariantTypes.TargetType	vrVariantTypes
vrVideoGrab	vrVideoGrab
vrViewPoint	vrViewPoint
vrVirtualEye	vrVirtualEye
vrVredUi	vrVredUi
vrVRInputDeviceTypes	vrVRInputDeviceTypes
vrVRInputDeviceTypes.DeviceCollisionType	vrVRInputDeviceTypes
vrVRInputDeviceTypes.VisualizationMode	vrVRInputDeviceTypes
vrVRMLViewPoints	vrVRMLViewPoints
vrVrpnTrackingService	vrVrpnTrackingService
vrWebEngineObj	vrWebEngineObj
vrWebEngineService	vrWebEngineService
vrWebOverlay	vrWebOverlay
vrWidget	vrWidget
vrXRealityTypes	vrXRealityTypes
vrXRealityTypes.MarkerTrackingTypes	vrXRealityTypes
vrXRealityTypes.MarkerTypes	vrXRealityTypes
vrXRealityTypes.XRRenderMode	vrXRealityTypes
